INSERT INTO roles (role_id, role_name) VALUES
    (0, 'admin'),
    (1, 'user'),
    (2, 'guest');

INSERT INTO users(user_id, username, password, full_name, email, phone_number, address, role_id, max_borrow_limit)values
   (1, 'user1', 'pass123', 'John Doe', 'johndoe@example.com', '1234567890', '123 Main St', 1, 5),
   (2, 'user2', 'abc456', 'Jane Smith', 'janesmith@example.com', '0987654321', '456 Elm St', 1, 3),
   (3, 'user3', 'qwerty', 'Bob Johnson', 'bobjohnson@example.com', '1112223333', '789 Oak St', 1, 4),
   (4, 'user4', 'password', 'Alice Brown', 'alicebrown@example.com', '4445556666', '321 Pine St', 1, 2),
   (5, 'user5', '123456', 'Mike Lee', 'mikelee@example.com', '7778889999', '555 Cedar St', 1, 3),
    (6, 'user6', 'newpass', 'Sarah Davis', 'sarahdavis@example.com', '2223334444', '888 Birch St', 1, 5),
     (7, 'user7', 'letmein', 'David Wilson', 'davidwilson@example.com', '5556667777', '666 Maple St', 1, 4),
     (8, 'user8', 'secret', 'Emily Chen', 'emilychen@example.com', '9990001111', '999 Spruce St', 1, 3),
   (9, 'user9', 'changeme', 'Kevin Liu', 'kevinliu@example.com', '3334445555', '222 Walnut St', 1, 2),
    (10, 'user10', 'password1', 'Nancy Zhang', 'nancyzhang@example.com', '6667778888', '777 Cherry St', 1, 5),
    (11, 'user11', 'passwd', 'Tom Wang', 'tomwang@example.com', '8889990000', '444 Willow St', 1, 3),
     (12, 'user12', 'abc123', 'Sara Johnson', 'sarajohnson@example.com', '1110002222', '111 Poplar St', 1, 4),
    (13, 'user13', 'qwerty1', 'Mark Brown', 'markbrown@example.com', '3331114444', '333 Ash St', 1, 2),
    (14, 'user14', '123abc', 'Grace Lee', 'gracelee@example.com', '5552226666', '555 Oakwood St', 1, 5),
     (15, 'user15', 'mypass', 'Peter Chen', 'peterchen@example.com', '7773338888', '777 Elmwood St', 1, 3),
    (16, 'user16', 'newpassword', 'Lily Zhang', 'lilyzhang@example.com', '9994440000', '999 Maplewood St', 1, 4),
     (17, 'user17', 'letmein1', 'Eric Liu', 'ericliu@example.com', '2225557777', '222 Pinewood St', 1, 2),
    (18, 'user18', 'secret1', 'Amy Wang', 'amywang@example.com', '4446668888', '444 Birchwood St', 1, 5),
     (19, 'user19', 'changeme1', 'Ben Johnson', 'benjohnson@example.com', '6667779999', '666 Cedarwood St', 1, 3),
     (20, 'admin1', 'admin1pass', 'Ben Johnson', 'benjohnson@example.com', '6667779999', '666 Cedarwood St', 0, 999);

INSERT INTO books (book_id, title, author, publisher, publish_year, isbn, quantity, borrow_count, is_public) VALUES
    (1, 'Data Science Basics', 'Alice Smith', 'TechPress', 2015, '978-1234567890', 12, 8, TRUE),
    (2, 'Machine Learning Essentials', 'John Doe', 'AI Books', 2018, '978-2345678901', 5, 2, FALSE),
    (3, 'Deep Learning Fundamentals', 'Jane Lee', 'SciencePub', 2020, '978-3456789012', 7, 3, TRUE),
    (4, 'Python Programming', 'Robert Brown', 'CodeBooks', 2017, '978-4567890123', 10, 6, TRUE),
    (5, 'Statistics for Data', 'Emily Davis', 'DataPub', 2019, '978-5678901234', 15, 10, FALSE),
    (6, 'Advanced SQL', 'Chris Green', 'DatabaseBooks', 2016, '978-6789012345', 4, 1, TRUE),
    (7, 'Big Data Analytics', 'Kevin White', 'BigDataHouse', 2019, '978-7890123456', 9, 4, FALSE),
    (8, 'Artificial Intelligence', 'Nancy Hall', 'FuturePress', 2021, '978-8901234567', 6, 2, TRUE),
    (9, 'Blockchain Basics', 'David Martin', 'BlockchainPress', 2018, '978-9012345678', 11, 5, FALSE),
    (10, 'Cloud Computing', 'Laura Wilson', 'CloudPub', 2022, '978-0123456789', 8, 3, TRUE ),
    (11, 'Web Development Basics', 'Tom Johnson', 'WebPress', 2014, '978-1111111111', 8, 3, TRUE),
    (12, 'Mobile App Design', 'Sara Lee', 'MobileBooks', 2016, '978-2222222222', 6, 2, FALSE),
    (13, 'Database Management', 'Mike Brown', 'DBPress', 2017, '978-3333333333', 10, 4, TRUE),
    (14, 'Graphic Design Principles', 'Lily Wang', 'ArtBooks', 2015, '978-4444444444', 12, 5, FALSE),
    (15, 'Cybersecurity Essentials', 'Jack Zhang', 'CyberPress', 2018, '978-5555555555', 7, 3, TRUE),
    (16, 'Data Analytics for Beginners', 'Amy Chen', 'DABooks', 2019, '978-6666666666', 9, 4, FALSE),
    (17, 'Java Programming Guide', 'Mark Liu', 'JavaBooks', 2016, '978-7777777777', 11, 6, TRUE),
    (18, 'Digital Marketing Strategies', 'Kelly Wu', 'DMBooks', 2020, '978-8888888888', 5, 2, FALSE),
    (19, 'Project Management Basics', 'Peter Huang', 'PMBooks', 2017, '978-9999999999', 13, 7, TRUE),
    (20, 'Software Engineering Principles', 'David Wang', 'SEBooks', 2018, '978-0000000000', 8, 3, FALSE),
    (21, 'UX Design Fundamentals', 'Grace Lee', 'UXBooks', 2019, '978-1111222233', 10, 5, TRUE),
    (22, 'C++ Programming Tutorial', 'Brian Zhang', 'CPlusBooks', 2015, '978-2222333344', 9, 4, FALSE),
    (23, 'Networking Basics', 'Eric Chen', 'NetBooks', 2016, '978-3333444455', 12, 6, TRUE),
    (24, 'Photography Techniques', 'Sarah Liu', 'PhotoBooks', 2017, '978-4444555566', 7, 3, FALSE),
    (25, 'Video Editing Basics', 'Tim Wu', 'VideoBooks', 2018, '978-5555666677', 10, 4, TRUE),
    (26, 'Music Theory for Beginners', 'Mia Huang', 'MusicBooks', 2019, '978-6666777788', 8, 3, FALSE),
    (27, 'Writing Skills Development', 'Oliver Zhang', 'WriteBooks', 2016, '978-7777888899', 11, 5, TRUE),
    (28, 'Interior Design Principles', 'Natalie Lee', 'InteriorBooks', 2017, '978-8888999900', 9, 4, FALSE),
    (29, 'Cooking Basics for Beginners', 'Sophie Chen', 'CookBooks', 2018, '978-9999000011', 12, 6, TRUE),
    (30, 'Gardening Techniques', 'Benjamin Liu', 'GardenBooks', 2019, '978-0000111122', 7, 3, FALSE),
    (31, 'Fitness Training Guide', 'Emma Wu', 'FitnessBooks', 2016, '978-1111333344', 10, 5, TRUE),
    (32, 'Yoga for Beginners', 'Isabella Chen', 'YogaBooks', 2017, '978-2222444455', 8, 3, FALSE),
    (33, 'Meditation and Mindfulness', 'Daniel Zhang', 'MeditationBooks', 2018, '978-3333555566', 11, 4, TRUE),
    (34, 'Travel Photography Tips', 'Ava Liu', 'TravelBooks', 2019, '978-4444666677', 9, 3, FALSE),
    (35, 'Wildlife Photography', 'Owen Wu', 'WildlifeBooks', 2016, '978-5555777788', 12, 5, TRUE),
    (36, 'Street Photography Guide', 'Luna Chen', 'StreetBooks', 2017, '978-6666888899', 10, 4, FALSE),
    (37, 'Abstract Art Techniques', 'Ethan Zhang', 'ArtAbstractBooks', 2018, '978-7777999900', 8, 3, TRUE),
    (38, 'Portrait Painting Basics', 'Maya Chen', 'ArtPortraitBooks', 2019, '978-8888000011', 11, 5, FALSE),
    (39, 'Landscape Painting Tutorial', 'Noah Zhang', 'ArtLandscapeBooks', 2016, '978-9999111122', 10, 4, TRUE),
    (40, 'Digital Illustration Basics', 'Aiden Chen', 'ArtDigitalBooks', 2017, '978-0000222233', 9, 3, FALSE),
    (41, '3D Modeling Basics', 'Scarlett Zhang', '3DModelingBooks', 2018, '978-1111444455', 12, 5, TRUE),
    (42, 'Animation Principles', 'Leo Chen', 'AnimationBooks', 2019, '978-2222555566', 10, 4, FALSE),
    (43, 'Virtual Reality Basics', 'Violet Zhang', 'VRBooks', 2016, '978-3333666677', 11, 5, TRUE),
    (44, 'Augmented Reality Guide', 'Oliver Chen', 'ARBooks', 2017, '978-4444777788', 9, 3, FALSE),
    (45, 'Game Design Fundamentals', 'Chloe Zhang', 'GameDesignBooks', 2018, '978-5555888899', 12, 5, TRUE),
    (46, 'Level Design Tutorial', 'Max Chen', 'GameLevelDesignBooks', 2019, '978-6666999900', 10, 4, FALSE),
    (47, 'Character Design Basics', 'Ruby Zhang', 'GameCharacterDesignBooks', 2016, '978-7777000011', 11, 5, TRUE),
    (48, 'Sound Design for Games', 'Liam Chen', 'GameSoundDesignBooks', 2017, '978-8888111122', 9, 3, FALSE),
    (49, 'Scriptwriting for Films', 'Ava Zhang', 'FilmScriptBooks', 2018, '978-9999222233', 12, 5, TRUE),
    (50, 'Directing for Beginners', 'Ella Chen', 'FilmDirectingBooks', 2019, '978-0000333344', 10, 4, FALSE),
    (51, 'The Art of Public Speaking', 'James Johnson', 'CommunicationPress', 2017, '978-1111111111', 8, 3, TRUE),
    (52, 'History of Ancient Civilizations', 'Sarah Brown', 'HistoryBooks', 2015, '978-2222222222', 10, 4, TRUE),
    (53, 'Gardening for Beginners', 'Linda Wilson', 'GardenPress', 2018, '978-3333333333', 6, 2, FALSE),
    (54, 'Introduction to Psychology', 'Michael Davis', 'PsychologyBooks', 2016, '978-4444444444', 9, 3, TRUE),
    (55, 'Creative Writing Techniques', 'Emily Clark', 'WritingPress', 2019, '978-5555555555', 7, 3, FALSE),
    (56, 'Photography Masterclass', 'David Lee', 'PhotoBooks', 2017, '978-6666666666', 11, 5, TRUE),
    (57, 'Cooking with Herbs and Spices', 'Susan Johnson', 'CookBooks', 2018, '978-7777777777', 8, 3, FALSE),
    (58, 'Yoga and Wellness', 'Natalie Brown', 'YogaPress', 2016, '978-8888888888', 10, 4, TRUE),
    (59, 'The World of Birds', 'Peter Clark', 'NatureBooks', 2019, '978-9999999999', 6, 2, FALSE),
    (60, 'Modern Architecture', 'Kevin Davis', 'ArchitectureBooks', 2017, '978-0000000000', 9, 3, TRUE),
    (61, 'Fitness for a Busy Life', 'Amanda Johnson', 'FitnessPress', 2018, '978-1111222233', 7, 3, FALSE),
    (62, 'The Magic of Music', 'Robert Clark', 'MusicBooks', 2016, '978-2222333344', 10, 4, TRUE),
    (63, 'Digital Marketing for Small Businesses', 'Elizabeth Davis', 'BusinessBooks', 2019, '978-3333444455', 8, 3, FALSE),
    (64, 'Watercolor Painting Basics', 'Thomas Johnson', 'ArtBooks', 2017, '978-4444555566', 11, 5, TRUE),
    (65, 'The Science of Sleep', 'Jennifer Brown', 'HealthBooks', 2018, '978-5555666677', 9, 3, FALSE),
    (66, 'Traveling on a Budget', 'Matthew Davis', 'TravelBooks', 2016, '978-6666777788', 10, 4, TRUE),
    (67, 'Woodworking Projects for Beginners', 'Andrew Johnson', 'CraftBooks', 2019, '978-7777888899', 7, 3, FALSE),
    (68, 'The Wonders of the Ocean', 'Stephanie Brown', 'OceanBooks', 2017, '978-8888999900', 11, 5, TRUE),
    (69, 'Meditation and Inner Peace', 'Daniel Clark', 'SpiritualityBooks', 2018, '978-9999000011', 9, 3, FALSE),
    (70, 'The History of Fashion', 'Rebecca Davis', 'FashionBooks', 2016, '978-0000111122', 10, 4, TRUE),
    (71, 'Dog Training Tips', 'Jason Johnson', 'PetBooks', 2019, '978-1111333344', 7, 3, FALSE),
    (72, 'The Joy of Reading', 'Laura Clark', 'LiteratureBooks', 2017, '978-2222444455', 11, 5, TRUE),
    (73, 'The Art of Knitting', 'Samantha Brown', 'CraftBooks', 2018, '978-3333555566', 9, 3, FALSE),
    (74, 'The Science of Climate Change', 'Nicholas Davis', 'EnvironmentBooks', 2016, '978-4444666677', 10, 4, TRUE),
    (75, 'Home Decorating on a Budget', 'Katherine Johnson', 'HomeBooks', 2019, '978-5555777788', 7, 3, FALSE),
    (76, 'The Beauty of Nature Photography', 'Zachary Brown', 'PhotoBooks', 2017, '978-6666888899', 11, 5, TRUE),
    (77, 'The Art of Baking', 'Melissa Davis', 'CookBooks', 2018, '978-7777999900', 9, 3, FALSE),
    (78, 'The World of Insects', 'Benjamin Clark', 'NatureBooks', 2016, '978-8888000011', 10, 4, TRUE),
    (79, 'The Secrets of Wine Tasting', 'Olivia Johnson', 'WineBooks', 2019, '978-9999111122', 7, 3, FALSE),
    (80, 'The Power of Positive Thinking', 'Victoria Clark', 'SelfHelpBooks', 2017, '978-0000222233', 11, 5, TRUE),
    (81, 'The Art of Calligraphy', 'Ethan Johnson', 'ArtBooks', 2018, '978-1111444455', 9, 3, FALSE),
    (82, 'The Science of Nutrition', 'Grace Davis', 'HealthBooks', 2016, '978-2222555566', 10, 4, TRUE),
    (83, 'The Art of Pottery', 'Hannah Brown', 'CraftBooks', 2019, '978-3333666677', 7, 3, FALSE),
    (84, 'The World of Reptiles', 'Owen Clark', 'NatureBooks', 2016, '978-4444777788', 10, 4, TRUE),
    (85, 'The Art of Storytelling', 'Mia Johnson', 'LiteratureBooks', 2018, '978-5555888899', 9, 3, FALSE),
    (86, 'The Science of Sound', 'Noah Davis', 'MusicBooks', 2016, '978-6666999900', 10, 4, TRUE),
    (87, 'The Art of Floral Arrangement', 'Ava Brown', 'CraftBooks', 2019, '978-7777000011', 7, 3, FALSE),
    (88, 'The World of Mammals', 'Liam Clark', 'NatureBooks', 2016, '978-8888111122', 10, 4, TRUE),
    (89, 'The Art of Embroidery', 'Sophie Johnson', 'CraftBooks', 2018, '978-9999222233', 9, 3, FALSE),
    (90, 'The Science of Electricity', 'Jacob Davis', 'ScienceBooks', 2016, '978-0000333344', 10, 4, TRUE);

INSERT INTO papers (paper_id, title, author, upload_date, is_public, uploaded_by, uploaded_by_id, download_count) VALUES
    (1, 'A Study on Machine Learning', 'Alice Smith', '2022-03-01', TRUE, 'Alice', 11, 20),
    (2, 'Quantum Computing Advances', 'John Doe', '2021-11-15', FALSE, 'John', 1, 15),
    (3, 'Blockchain Security', 'Jane Lee', '2020-06-18', TRUE, 'Jane', 2, 25),
    (4, 'Natural Language Processing', 'Robert Brown', '2019-08-25', TRUE, 'Robert', 2, 30),
    (5, 'AI Ethics', 'Emily Davis', '2021-01-22', FALSE, 'Emily', 2, 10),
    (6, 'Big Data Management', 'Chris Green', '2018-09-10', TRUE, 'Chris', 11, 18),
    (7, 'IoT Security Challenges', 'Kevin White', '2022-05-12', FALSE, 'Kevin', 1, 22),
    (8, '5G Networks', 'Nancy Hall', '2019-07-14', TRUE, 'Nancy', 11, 12),
    (9, 'Self-driving Cars', 'David Martin', '2021-03-28', TRUE, 'David', 1, 27),
    (10, 'Edge Computing', 'Laura Wilson', '2020-11-05', FALSE, 'Laura', 2, 14),
    (11, 'Renewable Energy Sources', 'Tom Johnson', '2023-02-10', TRUE, 'Tom', 3, 16),
    (12, 'Genetic Engineering Applications', 'Sara Lee', '2022-08-20', FALSE, 'Sara', 4, 9),
    (13, 'Cybersecurity in Healthcare', 'Mike Brown', '2021-04-05', TRUE, 'Mike', 5, 21),
    (14, 'Virtual Reality in Education', 'Lily Wang', '2020-12-12', TRUE, 'Lily', 6, 13),
    (15, '3D Printing Technologies', 'Jack Zhang', '2019-10-30', FALSE, 'Jack', 7, 17),
    (16, 'Data Privacy Regulations', 'Amy Chen', '2022-06-15', TRUE, 'Amy', 8, 23),
    (17, 'Nanotechnology Innovations', 'Mark Liu', '2021-09-22', FALSE, 'Mark', 9, 11),
    (18, 'Social Media Impact', 'Kelly Wu', '2020-07-08', TRUE, 'Kelly', 10, 15),
    (19, 'Cloud Storage Solutions', 'Peter Huang', '2023-01-03', TRUE, 'Peter', 11, 18),
    (20, 'Artificial Intelligence in Finance', 'David Wang', '2022-04-25', FALSE, 'David', 12, 20),
    (21, 'Space Exploration Technologies', 'Grace Lee', '2021-07-18', TRUE, 'Grace', 13, 24),
    (22, 'Biomedical Research Advancements', 'Brian Zhang', '2020-05-14', TRUE, 'Brian', 14, 16),
    (23, 'Augmented Reality Marketing', 'Eric Chen', '2023-03-20', FALSE, 'Eric', 15, 12),
    (24, 'Smart City Concepts', 'Sarah Liu', '2022-09-28', TRUE, 'Sarah', 16, 19),
    (25, 'Video Game Design Trends', 'Tim Wu', '2021-02-05', FALSE, 'Tim', 17, 22),
    (26, 'Music Streaming Economics', 'Mia Huang', '2020-11-18', TRUE, 'Mia', 18, 14),
    (27, 'Writing for Digital Media', 'Oliver Zhang', '2023-04-12', TRUE, 'Oliver', 19, 17),
    (28, 'Interior Design Psychology', 'Natalie Lee', '2022-07-02', FALSE, 'Natalie', 2, 10),
    (29, 'Cooking with Molecular Gastronomy', 'Sophie Chen', '2021-05-28', TRUE, 'Sophie', 1, 23),
    (30, 'Gardening for Urban Spaces', 'Benjamin Liu', '2020-03-10', FALSE, 'Benjamin', 2, 15),
    (31, 'Fitness Training for Seniors', 'Emma Wu', '2023-02-25', TRUE, 'Emma', 3, 19),
    (32, 'Yoga and Mental Health', 'Isabella Chen', '2022-08-15', FALSE, 'Isabella', 14, 12),
    (33, 'Meditation and Stress Reduction', 'Daniel Zhang', '2021-06-08', TRUE, 'Daniel', 5, 21),
    (34, 'Travel Photography Tips and Tricks', 'Ava Liu', '2020-09-22', TRUE, 'Ava', 16, 16),
    (35, 'Wildlife Conservation Strategies', 'Owen Wu', '2023-01-15', TRUE, 'Owen', 7, 25),
    (36, 'Street Photography Composition', 'Luna Chen', '2022-05-05', FALSE, 'Luna', 8, 18),
    (37, 'Abstract Art Interpretation', 'Ethan Zhang', '2021-03-12', TRUE, 'Ethan', 9, 20),
    (38, 'Portrait Painting Techniques', 'Maya Chen', '2020-07-25', FALSE, 'Maya', 10, 13),
    (39, 'Landscape Painting Inspiration', 'Noah Zhang', '2023-03-08', TRUE, 'Noah', 11, 22),
    (40, 'Digital Illustration Tools', 'Aiden Chen', '2022-06-20', FALSE, 'Aiden', 14, 17),
    (41, '3D Modeling for Animation', 'Scarlett Zhang', '2021-08-10', TRUE, 'Scarlett', 13, 24),
    (42, 'Animation Storytelling', 'Leo Chen', '2020-04-28', TRUE, 'Leo', 14, 19),
    (43, 'Virtual Reality Gaming', 'Violet Zhang', '2023-02-03', FALSE, 'Violet', 15, 23),
    (44, 'Augmented Reality in Retail', 'Oliver Chen', '2022-07-18', TRUE, 'Oliver', 6, 16),
    (45, 'Game Design Principles', 'Chloe Zhang', '2021-01-28', FALSE, 'Chloe', 7, 22),
    (46, 'Level Design for Games', 'Max Chen', '2020-06-14', TRUE, 'Max', 8, 18),
    (47, 'Character Design for Animation', 'Ruby Zhang', '2023-04-05', TRUE, 'Ruby', 19, 25),
    (48, 'Sound Design in Films', 'Liam Chen', '2022-09-08', FALSE, 'Liam', 10, 14),
    (49, 'Scriptwriting for Television', 'Ava Zhang', '2021-05-12', TRUE, 'Ava', 11, 21),
    (50, 'Directing for Theatre', 'Ella Chen', '2020-08-25', FALSE, 'Ella', 12, 17);

INSERT INTO borrow_records (record_id, user_id, book_id, borrow_date, return_date, due_date, status) VALUES
    (1, 11, 1, '2024-07-01', '2024-07-10', '2024-07-15', 'returned'),
    (2, 2, 2, '2024-06-12', '2024-06-20', '2024-06-25', 'returned'),
    (3, 1, 3, '2024-05-20', '2024-05-29', '2024-06-02', 'returned'),
    (4, 2, 4, '2024-08-15', NULL, '2024-08-25', 'borrowed'),
    (5, 11, 5, '2024-04-10', '2024-04-18', '2024-04-22', 'returned'),
    (6, 1, 6, '2024-09-01', '2024-09-10', '2024-09-15', 'returned'),
    (7, 1, 7, '2024-07-20', NULL, '2024-07-30', 'overdue'),
    (8, 1, 8, '2024-10-05', '2024-10-12', '2024-10-15', 'returned'),
    (9, 2, 9, '2024-03-14', '2024-03-22', '2024-03-25', 'returned'),
    (10, 11, 10, '2024-11-01', NULL, '2024-11-10', 'borrowed'),
    (11, 3, 1, '2024-02-05', '2024-02-13', '2024-02-18', 'returned'),
    (12, 4, 2, '2024-01-10', '2024-01-18', '2024-01-22', 'returned'),
    (13, 5, 3, '2024-03-01', '2024-03-09', '2024-03-13', 'returned'),
    (14, 6, 4, '2024-04-20', NULL, '2024-04-30', 'borrowed'),
    (15, 7, 5, '2024-05-15', '2024-05-23', '2024-05-27', 'returned'),
    (16, 8, 6, '2024-06-05', '2024-06-13', '2024-06-17', 'returned'),
    (17, 9, 7, '2024-07-10', NULL, '2024-07-20', 'borrowed'),
    (18, 10, 8, '2024-08-01', '2024-08-09', '2024-08-13', 'returned'),
    (19, 11, 9, '2024-09-14', '2024-09-22', '2024-09-25', 'returned'),
    (20, 12, 10, '2024-10-01', NULL, '2024-10-10', 'borrowed'),
    (21, 13, 1, '2024-11-05', '2024-11-13', '2024-11-17', 'returned'),
    (22, 14, 2, '2024-12-01', NULL, '2024-12-10', 'borrowed'),
    (23, 15, 3, '2024-01-03', '2024-01-11', '2024-01-15', 'returned'),
    (24, 16, 4, '2024-02-10', '2024-02-18', '2024-02-22', 'returned'),
    (25, 17, 5, '2024-03-15', NULL, '2024-03-25', 'borrowed'),
    (26, 18, 6, '2024-04-01', '2024-04-09', '2024-04-13', 'returned'),
    (27, 19, 7, '2024-05-05', '2024-05-13', '2024-05-17', 'returned'),
    (28, 19, 8, '2024-06-10', NULL, '2024-06-20', 'borrowed'),
    (29, 11, 9, '2024-07-01', '2024-07-09', '2024-07-13', 'returned'),
    (30, 12, 10, '2024-08-05', '2024-08-13', '2024-08-17', 'returned'),
    (31, 13, 1, '2024-09-01', NULL, '2024-09-10', 'borrowed'),
    (32, 14, 2, '2024-10-01', '2024-10-09', '2024-10-13', 'returned'),
    (33, 15, 3, '2024-11-01', '2024-11-09', '2024-11-13', 'returned'),
    (34, 16, 4, '2024-12-01', NULL, '2024-12-10', 'borrowed'),
    (35, 17, 5, '2024-01-01', '2024-01-09', '2024-01-13', 'returned'),
    (36, 18, 6, '2024-02-01', NULL, '2024-02-10', 'borrowed'),
    (37, 19, 7, '2024-03-01', '2024-03-09', '2024-03-13', 'returned'),
    (38, 10, 8, '2024-04-01', '2024-04-09', '2024-04-13', 'returned'),
    (39, 11, 9, '2024-05-01', NULL, '2024-05-10', 'borrowed'),
    (40, 2, 10, '2024-06-01', '2024-06-09', '2024-06-13', 'returned'),
    (41, 13, 1, '2024-07-01', '2024-07-09', '2024-07-13', 'returned'),
    (42, 14, 2, '2024-08-01', NULL, '2024-08-10', 'borrowed'),
    (43, 5, 3, '2024-09-01', '2024-09-09', '2024-09-13', 'returned'),
    (44, 6, 4, '2024-10-01', '2024-10-09', '2024-10-13', 'returned'),
    (45, 7, 5, '2024-11-01', NULL, '2024-11-10', 'borrowed'),
    (46, 8, 6, '2024-12-01', '2024-12-09', '2024-12-13', 'returned'),
    (47, 9, 7, '2024-01-01', '2024-01-09', '2024-01-13', 'returned'),
    (48, 10, 8, '2024-02-01', NULL, '2024-02-10', 'borrowed'),
    (49, 11, 9, '2024-03-01', '2024-03-09', '2024-03-13', 'returned'),
    (50, 12, 10, '2024-04-01', '2024-04-09', '2024-04-13', 'returned');

INSERT INTO paper_downloads (download_id, paper_id, user_id, download_date) VALUES
    (1, 1, 11, '2024-01-05T10:15:30Z'),
    (2, 2, 1, '2024-02-14T12:20:45Z'),
    (3, 3, 1, '2024-03-18T09:30:00Z'),
    (4, 4, 2, '2024-04-21T14:25:10Z'),
    (5, 5, 1, '2024-05-10T11:45:20Z'),
    (6, 6, 11, '2024-06-25T13:50:30Z'),
    (7, 7, 11, '2024-07-15T08:40:00Z'),
    (8, 8, 2, '2024-08-07T15:00:45Z'),
    (9, 9, 11, '2024-09-30T07:25:50Z'),
    (10, 10, 1, '2024-10-12T17:35:00Z'),
    (11, 1, 3, '2024-01-12T09:05:15Z'),
    (12, 2, 4, '2024-02-20T11:10:30Z'),
    (13, 3, 5, '2024-03-25T14:45:45Z'),
    (14, 4, 6, '2024-04-28T13:30:20Z'),
    (15, 5, 7, '2024-05-17T10:20:50Z'),
    (16, 6, 8, '2024-06-30T12:40:10Z'),
    (17, 7, 9, '2024-07-22T09:55:25Z'),
    (18, 8, 10, '2024-08-14T16:15:30Z'),
    (19, 9, 11, '2024-10-05T08:30:40Z'),
    (20, 10, 12, '2024-10-20T18:45:55Z'),
    (21, 1, 13, '2024-11-01T11:50:05Z'),
    (22, 2, 14, '2024-11-10T14:05:20Z'),
    (23, 3, 15, '2024-11-18T09:15:35Z'),
    (24, 4, 16, '2024-11-25T15:20:40Z'),
    (25, 5, 17, '2024-12-02T12:30:50Z'),
    (26, 6, 18, '2024-12-10T13:45:00Z'),
    (27, 7, 19, '2024-12-18T10:50:10Z'),
    (28, 8, 10, '2024-12-25T16:05:25Z'),
    (29, 9, 11, '2024-01-05T07:15:30Z'),
    (30, 10, 12, '2024-01-12T18:20:40Z'),
    (31, 1, 13, '2024-02-01T10:05:50Z'),
    (32, 2, 14, '2024-02-08T13:10:00Z'),
    (33, 3, 15, '2024-03-01T15:25:10Z'),
    (34, 4, 16, '2024-04-01T14:30:20Z'),
    (35, 5, 7, '2024-05-01T11:40:30Z'),
    (36, 6, 8, '2024-06-01T13:55:40Z'),
    (37, 7, 9, '2024-07-01T09:00:50Z'),
    (38, 8, 10, '2024-08-01T15:10:00Z'),
    (39, 9, 1, '2024-09-01T08:20:10Z'),
    (40, 10, 2, '2024-10-01T17:30:20Z'),
    (41, 1, 3, '2024-11-05T10:45:30Z'),
    (42, 2, 4, '2024-11-12T13:00:40Z'),
    (43, 3, 5, '2024-11-19T09:10:50Z'),
    (44, 4, 6, '2024-11-26T14:20:00Z'),
    (45, 5, 7, '2024-12-03T12:35:10Z'),
    (46, 6, 8, '2024-12-11T13:50:20Z'),
    (47, 7, 9, '2024-12-19T10:05:30Z'),
    (48, 8, 10, '2024-12-26T15:20:40Z'),
    (49, 9, 1, '2024-01-02T07:30:50Z'),
    (50, 10, 2, '2024-01-09T18:40:00Z');


INSERT INTO audit_logs (log_id, user_id, action, target_id, action_date) VALUES
    (0, 11, '创建admin账号', 0, '2024-11-11T11:11:11Z'),
    (1, 1, '修改用户密码', 1, '2024-11-12T09:20:30Z'),
    (2, 2, '删除文章', 2, '2024-11-13T14:15:20Z'),
    (3, 3, '上传文章信息', 3, '2024-11-14T10:45:10Z'),
    (4, 4, '下载文章', 4, '2024-11-15T13:30:05Z'),
    (5, 5, '创建目录', 5, '2024-11-16T11:55:40Z'),
    (6, 6, '编辑文章信息', 6, '2024-11-17T12:25:30Z'),
    (7, 7, '删除文章信息', 7, '2024-11-18T09:40:25Z'),
    (8, 8, '添加用户角色', 8, '2024-11-19T15:10:15Z'),
    (9, 9, '修改用户角色', 9, '2024-11-20T10:35:50Z'),
    (10, 10, '删除用户角色', 10, '2024-11-21T14:05:40Z');

